,ix,iy,degree,err_max
0,1,1,1,18650.634466740303
1,1,1,0,18344.885917472653
2,2,1,1,2661843.071437546
3,2,1,0,2659549.9567188993
